File,Description,CleanMerchant,Amount
"14_Jan_2025_-_13_Feb_2025.pdf","PAYMENT RECEIVED - THANK YOU","PAYMENT RECEIVED - THANK YOU",-1077.82
"14_Jan_2025_-_13_Feb_2025.pdf","B&Q EASTLEIGH 1031      EASTLEIGH ESH182 - Eastleigh","B&Q EASTLEIGH 1031      EASTLEIGH ESH182 - Eastleigh",21
"14_Jan_2025_-_13_Feb_2025.pdf","TESCO STORE 2452 2452TE EASTLEIGH","TESCO",7.1
"14_Jan_2025_-_13_Feb_2025.pdf","TRIP.COM                INTERNET","TRIP.COM                INTERNET",795
"14_Jan_2025_-_13_Feb_2025.pdf","POST OFFICE EASTLEIGH   EASTLEIGH","POST OFFICE EASTLEIGH   EASTLEIGH",10.35
"14_Jan_2025_-_13_Feb_2025.pdf","2172-EASTLEIGH          HANTS","2172-EASTLEIGH          HANTS",2.98
"14_Jan_2025_-_13_Feb_2025.pdf","ENTERPRISE RENT A CAR U EASTLEIGH","ENTERPRISE RENT A CAR U EASTLEIGH",35
"14_Jan_2025_-_13_Feb_2025.pdf","AMAZON PRIME*891B87OD5  AMZN.CO.UK/PM","AMAZON",8.99
"14_Jan_2025_-_13_Feb_2025.pdf","WAGAMAMA                SOUTHAMPTON RETAIL","WAGAMAMA                SOUTHAMPTON RETAIL",63.7
"14_Jan_2025_-_13_Feb_2025.pdf","TESCO STORE 2452 2452TE EASTLEIGH","TESCO",4.14
"14_Jan_2025_-_13_Feb_2025.pdf","AFIYET OGLUM AFIYET OGL SOUTHAMPTON","AFIYET OGLUM AFIYET OGL SOUTHAMPTON",39.8
"14_Jan_2025_-_13_Feb_2025.pdf","Muse Coffee Co          Southampton","Muse Coffee Co          Southampton",12
"14_Feb_2025_-_13_Mar_2025.pdf","PAYMENT RECEIVED - THANK YOU","PAYMENT RECEIVED - THANK YOU",-1000
"14_Feb_2025_-_13_Mar_2025.pdf","TK MAXX                 SOUTHAMPTON","TK MAXX                 SOUTHAMPTON",39.99
"14_Feb_2025_-_13_Mar_2025.pdf","ROOSTERS PIRI PIRI - EA EASTLEIGH","ROOSTERS PIRI PIRI - EA EASTLEIGH",21.67
"14_Feb_2025_-_13_Mar_2025.pdf","ASDA FILLING STATION (U EASTLEIGH ASDA Fuel","ASDA FILLING STATION (U EASTLEIGH ASDA Fuel",47.26
"14_Feb_2025_-_13_Mar_2025.pdf","LIDL SOU EASTLEIGH 0380 EASTLEIGH LIDL-STORES","LIDL SOU EASTLEIGH 0380 EASTLEIGH LIDL-STORES",48.44
"14_Feb_2025_-_13_Mar_2025.pdf","AFIYET OGLUM AFIYET OGL SOUTHAMPTON","AFIYET OGLUM AFIYET OGL SOUTHAMPTON",29.35
"14_Feb_2025_-_13_Mar_2025.pdf","REEVE THE BAKER         ROMSEY","REEVE THE BAKER         ROMSEY",18.15
"14_Feb_2025_-_13_Mar_2025.pdf","ENTERPRISE RENT A CAR U EASTLEIGH","ENTERPRISE RENT A CAR U EASTLEIGH",115.45
"14_Feb_2025_-_13_Mar_2025.pdf","TESCO STORE 2452 2452TE EASTLEIGH","TESCO",4.4
"14_Feb_2025_-_13_Mar_2025.pdf","COSY CLUB STAMFORD      STAMFORD","COSY CLUB STAMFORD      STAMFORD",83.9
"14_Feb_2025_-_13_Mar_2025.pdf","TESCO STORE 2452 2452TE EASTLEIGH","TESCO",12.15
"14_Feb_2025_-_13_Mar_2025.pdf","AVIS BUDGET UK LTD SOUT SOUTHAMPTON RENTAL -  LOCATION:   SOUTHAMPTON DATE:          21/02/25","AVIS BUDGET UK LTD SOUT SOUTHAMPTON RENTAL -  LOCATION:   SOUTHAMPTON DATE:          21/02/25",143.29
"14_Feb_2025_-_13_Mar_2025.pdf","ASDA FILLING STATION (U EASTLEIGH ASDA Fuel","ASDA FILLING STATION (U EASTLEIGH ASDA Fuel",51.8
"14_Feb_2025_-_13_Mar_2025.pdf","IKEA LTD 125 SOUTHAMPTO SOUTHAMPTON GOODS","IKEA LTD 125 SOUTHAMPTO SOUTHAMPTON GOODS",275
"14_Feb_2025_-_13_Mar_2025.pdf","ROOSTERS PIRI PIRI-EAST EASTLEIGH","ROOSTERS PIRI PIRI-EAST EASTLEIGH",18.68
"14_Feb_2025_-_13_Mar_2025.pdf","TRIP.COM                INTERNET","TRIP.COM                INTERNET",477.1
"14_Feb_2025_-_13_Mar_2025.pdf","TRIP.COM                INTERNET","TRIP.COM                INTERNET",477.1
"14_Feb_2025_-_13_Mar_2025.pdf","TRIP.COM                INTERNET","TRIP.COM                INTERNET",477.1
"14_Feb_2025_-_13_Mar_2025.pdf","NETFLIX.COM             18665797172","NETFLIX.COM             18665797172",5.99
"14_Feb_2025_-_13_Mar_2025.pdf","ROOSTERS PIRI PIRI-EAST EASTLEIGH","ROOSTERS PIRI PIRI-EAST EASTLEIGH",24.77
"14_Feb_2025_-_13_Mar_2025.pdf","J&DCS 225 High Street   Eastleigh","J&DCS 225 High Street   Eastleigh",10.74
"14_Feb_2025_-_13_Mar_2025.pdf","AIRBNB * HMFT2QEJS8     LONDON","AIRBNB * HMFT2QEJS8     LONDON",33.91
"14_Feb_2025_-_13_Mar_2025.pdf","AIRBNB * HMFT2QEJS8     LONDON","AIRBNB * HMFT2QEJS8     LONDON",-33.91
"14_Feb_2025_-_13_Mar_2025.pdf","ENTERPRISE RENT A CAR U EASTLEIGH","ENTERPRISE RENT A CAR U EASTLEIGH",284.97
"14_Feb_2025_-_13_Mar_2025.pdf","ENTERPRISE RENT A CAR U EASTLEIGH","ENTERPRISE RENT A CAR U EASTLEIGH",35
"14_Feb_2025_-_13_Mar_2025.pdf","ENTERPRISE RENT A CAR U EASTLEIGH","ENTERPRISE RENT A CAR U EASTLEIGH",-200
"14_Feb_2025_-_13_Mar_2025.pdf","WH SMITH HEATHROW T2    HOUNSLOW GOODS","WH SMITH HEATHROW T2    HOUNSLOW GOODS",13.98
"14_Feb_2025_-_13_Mar_2025.pdf","WH SMITH HEATHROW T2    HOUNSLOW GOODS","WH SMITH HEATHROW T2    HOUNSLOW GOODS",5.99
"14_Feb_2025_-_13_Mar_2025.pdf","AIR INDIA DELHI         DELHI INDIAN RU","AIR INDIA DELHI         DELHI INDIAN RU",27.05
"14_Feb_2025_-_13_Mar_2025.pdf","AIR INDIA DELHI         DELHI INDIAN RU","AIR INDIA DELHI         DELHI INDIAN RU",50.79
"14_Feb_2025_-_13_Mar_2025.pdf","APCOA PARKING UK LTD    UXBRIDGE","APCOA PARKING UK LTD    UXBRIDGE",6
"14_Feb_2025_-_13_Mar_2025.pdf","TFL BUSINESS BOPS WEB   LONDON GOODS","TFL BUSINESS BOPS WEB   LONDON GOODS",15
"14_Feb_2025_-_13_Mar_2025.pdf","LAWHIVE.CO.UK           LONDON","LAWHIVE.CO.UK           LONDON",1382
"14_Mar_2025_-_13_Apr_2025.pdf","PAYMENT RECEIVED - THANK YOU","PAYMENT RECEIVED - THANK YOU",-4049.71
"14_Mar_2025_-_13_Apr_2025.pdf","DELIVEROO               LONDON","DELIVEROO               LONDON",18.96
"14_Mar_2025_-_13_Apr_2025.pdf","TRAINLINE trainline     LONDON","TRAINLINE trainline     LONDON",2.9
"14_Mar_2025_-_13_Apr_2025.pdf","DELIVEROO               LONDON","DELIVEROO               LONDON",-10.28
"14_Mar_2025_-_13_Apr_2025.pdf","GSF CAR PARTS LIMITED   LONDON","GSF CAR PARTS LIMITED   LONDON",127.67
"14_Mar_2025_-_13_Apr_2025.pdf","TESCO STORE 2452 2452TE EASTLEIGH","TESCO",11.1
"14_Mar_2025_-_13_Apr_2025.pdf","LIDL SOU EASTLEIGH 0380 EASTLEIGH LIDL-STORES","LIDL SOU EASTLEIGH 0380 EASTLEIGH LIDL-STORES",11
"14_Mar_2025_-_13_Apr_2025.pdf","LIDL SOU EASTLEIGH 0380 EASTLEIGH LIDL-STORES","LIDL SOU EASTLEIGH 0380 EASTLEIGH LIDL-STORES",28.79
"14_Mar_2025_-_13_Apr_2025.pdf","TK MAXX                 EASTLEIGH","TK MAXX                 EASTLEIGH",21.99
"14_Apr_2025_-_13_May_2025.pdf","PAYMENT RECEIVED - THANK YOU","PAYMENT RECEIVED - THANK YOU",-229.89
"14_Apr_2025_-_13_May_2025.pdf","TRIP.COM                INTERNET","TRIP.COM                INTERNET",-22
"14_Apr_2025_-_13_May_2025.pdf","TESCO STORE 2452 2452TE EASTLEIGH","TESCO",2.84
"14_Apr_2025_-_13_May_2025.pdf","LIDL SOU EASTLEIGH 0380 EASTLEIGH LIDL-STORES","LIDL SOU EASTLEIGH 0380 EASTLEIGH LIDL-STORES",21.42
"14_Apr_2025_-_13_May_2025.pdf","B&Q EASTLEIGH 1031      EASTLEIGH ESH182 - Eastleigh","B&Q EASTLEIGH 1031      EASTLEIGH ESH182 - Eastleigh",73.55
"14_Apr_2025_-_13_May_2025.pdf","B&Q EASTLEIGH 1031      EASTLEIGH ESH182 - Eastleigh","B&Q EASTLEIGH 1031      EASTLEIGH ESH182 - Eastleigh",81
"14_Apr_2025_-_13_May_2025.pdf","3CPAYMENT*MSMXEASTLEIGH EASTLEIGH","3CPAYMENT*MSMXEASTLEIGH EASTLEIGH",3
"14_Apr_2025_-_13_May_2025.pdf","3CPAYMENT*MSMXEASTLEIGH EASTLEIGH","3CPAYMENT*MSMXEASTLEIGH EASTLEIGH",8.5
"14_Apr_2025_-_13_May_2025.pdf","POST OFFICE EASTLEIGH   EASTLEIGH","POST OFFICE EASTLEIGH   EASTLEIGH",10.8
"14_Apr_2025_-_13_May_2025.pdf","SAINSBURY'S SUPERMARKET EASTLEIGH GOODS","SAINSBURY'S SUPERMARKET EASTLEIGH GOODS",11
"14_Apr_2025_-_13_May_2025.pdf","6061 Eastleigh          Eastleigh","6061 Eastleigh          Eastleigh",9.72
